df,tfidf,K,alpha,eta,coherence
0.5,0.0075,110,asymmetric,auto,0.5073750879520957
0.5,0.0075,115,asymmetric,auto,0.5149751771535445
0.5,0.0075,120,asymmetric,auto,0.5076113731271046
0.5,0.0075,125,asymmetric,auto,0.5122519269888322
0.5,0.0075,130,asymmetric,auto,0.5002724448734791
0.5,0.0075,135,asymmetric,auto,0.5003210640292312
0.5,0.0075,140,asymmetric,auto,0.5054743072167039
0.5,0.0075,145,asymmetric,auto,0.4970475805040332
