df,tfidf,K,alpha,eta,coherence
0.5,0.0075,100,asymmetric,auto,0.5187778005941618
0.5,0.0075,105,asymmetric,auto,0.5247837934904651
